<NotepadPlus>
    <Session activeView="0">
        <mainView activeIndex="5">
            <File firstVisibleLine="0" xOffset="0" scrollWidth="1368" startPos="1214" endPos="1214" selMode="0" lang="XML" encoding="-1" filename="C:\1fgl\incony\anteros\2014HibernateImport\GOM_MGMT_UPMGMT_2014-01-23_12-01-37_su-BENUTZER_DATEN.xml" />
            <File firstVisibleLine="2011818" xOffset="0" scrollWidth="1216" startPos="659" endPos="659" selMode="0" lang="XML" encoding="-1" filename="C:\1fgl\incony\anteros\2014HibernateMassenImport\CS_norel.xml" />
            <File firstVisibleLine="84" xOffset="0" scrollWidth="2312" startPos="5102" endPos="5102" selMode="0" lang="XML" encoding="-1" filename="C:\1fgl\repository\KOS4Export\bin\KOSbyFGL_buildArc2Exp_Umbriel.xml" />
            <File firstVisibleLine="0" xOffset="0" scrollWidth="2312" startPos="1699" endPos="1656" selMode="0" lang="XML" encoding="-1" filename="C:\1fgl\repository\KOS4Export\bin\KOSbyFGL_buildExp2Arc_Umbriel.xml" />
            <File firstVisibleLine="0" xOffset="0" scrollWidth="952" startPos="555" endPos="555" selMode="0" lang="XML" encoding="1252" filename="C:\Program Files (x86)\Notepad++\plugins\APIs\KOSbyFGL.xml" />
            <File firstVisibleLine="0" xOffset="0" scrollWidth="836" startPos="1443" endPos="1443" selMode="0" lang="KOSbyFGL" encoding="-1" filename="C:\1fgl\repository\KOS4Export\Archive\job.txt" />
        </mainView>
        <subView activeIndex="0" />
    </Session>
</NotepadPlus>
