<NotepadPlus>
    <Session activeView="0">
        <mainView activeIndex="1">
            <File firstVisibleLine="113" xOffset="0" scrollWidth="2890" startPos="6814" endPos="6814" selMode="0" lang="XML" encoding="-1" filename="C:\1fgl\repository\KOS4Export\bin\KOSbyFGL_buildArc2Exp_Patton.xml" />
            <File firstVisibleLine="13" xOffset="0" scrollWidth="2890" startPos="1303" endPos="1303" selMode="0" lang="XML" encoding="-1" filename="C:\1fgl\repository\KOS4Export\bin\KOSbyFGL_buildExp2Arc_Patton.xml" />
            <File firstVisibleLine="0" xOffset="0" scrollWidth="460" startPos="264" endPos="264" selMode="0" lang="XML" encoding="1252" filename="C:\1fgl\repository\KOS4Export\Notepad++\KOSbyFGL.xml" />
            <File firstVisibleLine="8" xOffset="0" scrollWidth="1085" startPos="1760" endPos="1760" selMode="0" lang="KOSbyFGL" encoding="-1" filename="C:\1fgl\repository\KOS4Export\Archive\job.txt" />
        </mainView>
        <subView activeIndex="0" />
    </Session>
</NotepadPlus>
