<NotepadPlus>
    <UserLang name="PowerShell" ext="ps1" udlVersion="2.1">
        <Settings>
            <Global caseIgnored="yes" allowFoldOfComments="no" foldCompact="no" forcePureLC="0" decimalSeparator="0" />
            <Prefix Keywords1="yes" Keywords2="yes" Keywords3="no" Keywords4="no" Keywords5="no" Keywords6="no" Keywords7="no" Keywords8="no" />
        </Settings>
        <KeywordLists>
            <Keywords name="Comments">03 04 00# 01 02</Keywords>
            <Keywords name="Numbers, prefix1"></Keywords>
            <Keywords name="Numbers, prefix2"></Keywords>
            <Keywords name="Numbers, extras1"></Keywords>
            <Keywords name="Numbers, extras2"></Keywords>
            <Keywords name="Numbers, suffix1"></Keywords>
            <Keywords name="Numbers, suffix2"></Keywords>
            <Keywords name="Numbers, range"></Keywords>
            <Keywords name="Operators1">! &quot; % &amp; ( ) * , / : ; ? @ [ \ ] ^ ` | ~ + &lt; = &gt;</Keywords>
            <Keywords name="Operators2"></Keywords>
            <Keywords name="Folders in code1, open">{</Keywords>
            <Keywords name="Folders in code1, middle"></Keywords>
            <Keywords name="Folders in code1, close">}</Keywords>
            <Keywords name="Folders in code2, open"></Keywords>
            <Keywords name="Folders in code2, middle"></Keywords>
            <Keywords name="Folders in code2, close"></Keywords>
            <Keywords name="Folders in comment, open"></Keywords>
            <Keywords name="Folders in comment, middle"></Keywords>
            <Keywords name="Folders in comment, close"></Keywords>
            <Keywords name="Keywords1">Add-Content Add-History Add-Member Add-PSSnapin Clear-Content Clear-Item Clear-ItemProperty Clear-Variable Compare-Object ConvertFrom-SecureString Convert-Path ConvertTo-Html ConvertTo-SecureString Copy-Item Copy-ItemProperty Export-Alias Export-Clixml Export-Console Export-Csv ForEach-Object Format-Custom Format-List Format-Table Format-Wide Get-Acl Get-Alias Get-AuthenticodeSignature Get-ChildItem Get-Command Get-Content Get-Credential Get-Culture Get-Date Get-EventLog Get-ExecutionPolicy Get-Help Get-History Get-Host Get-Item Get-ItemProperty Get-Location Get-Member Get-PfxCertificate Get-Process Get-PSDrive Get-PSProvider Get-PSSnapin Get-Service Get-TraceSource Get-UICulture Get-Unique Get-Variable Get-WmiObject Group-Object Import-Alias Import-Clixml Import-Csv Invoke-Expression Invoke-History Invoke-Item Join-Path Measure-Command Measure-Object Move-Item Move-ItemProperty New-Alias New-Item New-ItemProperty New-Object New-PSDrive New-Service New-TimeSpan New-Variable Out-Default Out-File Out-Host Out-Null Out-Printer Out-String Pop-Location Push-Location Read-Host Remove-Item Remove-ItemProperty Remove-PSDrive Remove-PSSnapin Remove-Variable Rename-Item Rename-ItemProperty Resolve-Path Restart-Service Resume-Service Select-Object Select-String Set-Acl Set-Alias Set-AuthenticodeSignature Set-Content Set-Date Set-ExecutionPolicy Set-Item Set-ItemProperty Set-Location Set-PSDebug Set-Service Set-TraceSource Set-Variable Sort-Object Split-Path Start-Service Start-Sleep Start-Transcript Stop-Process Stop-Service Stop-Transcript Suspend-Service Tee-Object Test-Path Trace-Command Update-FormatData Update-TypeData Where-Object Write-Debug Write-Error Write-Host Write-Output Write-Progress Write-Verbose Write-Warning switch function if throw else while break - $ System. Management.</Keywords>
            <Keywords name="Keywords2">ac asnp clc cli clp clv cpi cpp cvpa diff epal epcsv fc fl foreach % ft fw gal gc gci gcm gdr ghy gi gl gm gp gps group gsv gsnp gu gv gwmi iex ihy ii ipal ipcsv mi mp nal ndr ni nv oh rdr ri rni rnp rp rsnp rv rvpa sal sasv sc select si sl sleep sort sp spps spsv sv tee where ? write cat cd clear cp h history kill lp ls mount mv popd ps pushd pwd r rm rmdir echo cls chdir copy del dir erase move rd ren set type</Keywords>
            <Keywords name="Keywords3">CIM_DataFile CIM_DirectoryContainsFile CIM_ProcessExecutable CIM_VideoControllerResolution Msft_Providers Msft_WmiProvider_Counters NetDiagnostics Win32_1394Controller Win32_1394ControllerDevice Win32_AccountSID Win32_ActionCheck Win32_ActiveRoute Win32_AllocatedResource Win32_ApplicationCommandLine Win32_ApplicationService Win32_AssociatedBattery Win32_AssociatedProcessorMemory Win32_AutochkSetting Win32_BaseBoard Win32_Battery Win32_Binary Win32_BindImageAction Win32_BIOS Win32_BootConfiguration Win32_Bus Win32_CacheMemory Win32_CDROMDrive Win32_CheckCheck Win32_CIMLogicalDeviceCIMDataFile Win32_ClassicCOMApplicationClasses Win32_ClassicCOMClass Win32_ClassicCOMClassSetting Win32_ClassicCOMClassSettings Win32_ClassInfoAction Win32_ClientApplicationSetting Win32_CodecFile Win32_COMApplicationSettings Win32_ComClassAutoEmulator Win32_ComClassEmulator Win32_CommandLineAccess Win32_ComponentCategory Win32_ComputerSystem Win32_ComputerSystemProcessor Win32_ComputerSystemProduct Win32_ComputerSystemWindowsProductActivationSetting Win32_Condition Win32_ConnectionShare Win32_ControllerHasHub Win32_CreateFolderAction Win32_CurrentProbe Win32_DCOMApplication Win32_DCOMApplicationAccessAllowedSetting Win32_DCOMApplicationLaunchAllowedSetting Win32_DCOMApplicationSetting Win32_DependentService Win32_Desktop Win32_DesktopMonitor Win32_DeviceBus Win32_DeviceMemoryAddress Win32_DfsNode Win32_DfsNodeTarget Win32_DfsTarget Win32_Directory Win32_DirectorySpecification Win32_DiskDrive Win32_DiskDrivePhysicalMedia Win32_DiskDriveToDiskPartition Win32_DiskPartition Win32_DiskQuota Win32_DisplayConfiguration Win32_DisplayControllerConfiguration Win32_DMAChannel Win32_DriverForDevice Win32_DriverVXD Win32_DuplicateFileAction Win32_Environment Win32_EnvironmentSpecification Win32_ExtensionInfoAction Win32_Fan Win32_FileSpecification Win32_FloppyController Win32_FloppyDrive Win32_FontInfoAction Win32_Group Win32_GroupInDomain Win32_GroupUser Win32_HeatPipe Win32_IDEController Win32_IDEControllerDevice Win32_ImplementedCategory Win32_InfraredDevice Win32_IniFileSpecification Win32_InstalledSoftwareElement Win32_IP4PersistedRouteTable Win32_IP4RouteTable Win32_IRQResource Win32_Keyboard Win32_LaunchCondition Win32_LoadOrderGroup Win32_LoadOrderGroupServiceDependencies Win32_LoadOrderGroupServiceMembers Win32_LocalTime Win32_LoggedOnUser Win32_LogicalDisk Win32_LogicalDiskRootDirectory Win32_LogicalDiskToPartition Win32_LogicalFileAccess Win32_LogicalFileAuditing Win32_LogicalFileGroup Win32_LogicalFileOwner Win32_LogicalFileSecuritySetting Win32_LogicalMemoryConfiguration Win32_LogicalProgramGroup Win32_LogicalProgramGroupDirectory Win32_LogicalProgramGroupItem Win32_LogicalProgramGroupItemDataFile Win32_LogicalShareAccess Win32_LogicalShareAuditing Win32_LogicalShareSecuritySetting Win32_LogonSession Win32_LogonSessionMappedDisk Win32_MappedLogicalDisk Win32_MemoryArray Win32_MemoryArrayLocation Win32_MemoryDevice Win32_MemoryDeviceArray Win32_MemoryDeviceLocation Win32_MIMEInfoAction Win32_MotherboardDevice Win32_MountPoint Win32_MoveFileAction Win32_NamedJobObject Win32_NamedJobObjectActgInfo Win32_NamedJobObjectLimit Win32_NamedJobObjectLimitSetting Win32_NamedJobObjectProcess Win32_NamedJobObjectSecLimit Win32_NamedJobObjectSecLimitSetting Win32_NamedJobObjectStatistics Win32_NetworkAdapter Win32_NetworkAdapterConfiguration Win32_NetworkAdapterSetting Win32_NetworkClient Win32_NetworkConnection Win32_NetworkLoginProfile Win32_NetworkProtocol Win32_NTDomain Win32_NTEventlogFile Win32_NTLogEvent Win32_NTLogEventComputer Win32_NTLogEventLog Win32_NTLogEventUser Win32_ODBCAttribute Win32_ODBCDataSourceAttribute Win32_ODBCDataSourceSpecification Win32_ODBCDriverAttribute Win32_ODBCDriverSoftwareElement Win32_ODBCDriverSpecification Win32_ODBCSourceAttribute Win32_ODBCTranslatorSpecification Win32_OnBoardDevice Win32_OperatingSystem Win32_OperatingSystemAutochkSetting Win32_OperatingSystemQFE Win32_OSRecoveryConfiguration Win32_PageFile Win32_PageFileElementSetting Win32_PageFileSetting Win32_PageFileUsage Win32_ParallelPort Win32_Patch Win32_PatchFile Win32_PatchPackage Win32_PCMCIAController Win32_PerfFormattedData_ContentFilter_IndexingServiceFilter Win32_PerfFormattedData_ContentIndex_IndexingService Win32_PerfFormattedData_Fax_FaxServices Win32_PerfFormattedData_IPSec_IPSecv4Driver Win32_PerfFormattedData_IPSec_IPSecv4IKE Win32_PerfFormattedData_ISAPISearch_HttpIndexingService Win32_PerfFormattedData_MSDTC_DistributedTransactionCoordinator Win32_PerfFormattedData_NETFramework_NETCLRExceptions Win32_PerfFormattedData_NETFramework_NETCLRInterop Win32_PerfFormattedData_NETFramework_NETCLRJit Win32_PerfFormattedData_NETFramework_NETCLRLoading Win32_PerfFormattedData_NETFramework_NETCLRLocksAndThreads Win32_PerfFormattedData_NETFramework_NETCLRMemory Win32_PerfFormattedData_NETFramework_NETCLRRemoting Win32_PerfFormattedData_NETFramework_NETCLRSecurity Win32_PerfFormattedData_NTDS_NTDS Win32_PerfFormattedData_PerfDisk_LogicalDisk Win32_PerfFormattedData_PerfDisk_PhysicalDisk Win32_PerfFormattedData_PerfNet_Browser Win32_PerfFormattedData_PerfNet_Redirector Win32_PerfFormattedData_PerfNet_Server Win32_PerfFormattedData_PerfNet_ServerWorkQueues Win32_PerfFormattedData_PerfOS_Cache Win32_PerfFormattedData_PerfOS_Memory Win32_PerfFormattedData_PerfOS_Objects Win32_PerfFormattedData_PerfOS_PagingFile Win32_PerfFormattedData_PerfOS_Processor Win32_PerfFormattedData_PerfOS_System Win32_PerfFormattedData_PerfProc_FullImage_Costly Win32_PerfFormattedData_PerfProc_Image_Costly Win32_PerfFormattedData_PerfProc_JobObject Win32_PerfFormattedData_PerfProc_JobObjectDetails Win32_PerfFormattedData_PerfProc_Process Win32_PerfFormattedData_PerfProc_ProcessAddressSpace_Costly Win32_PerfFormattedData_PerfProc_Thread Win32_PerfFormattedData_PerfProc_ThreadDetails_Costly Win32_PerfFormattedData_RemoteAccess_RASPort Win32_PerfFormattedData_RemoteAccess_RASTotal Win32_PerfFormattedData_RSVP_ACSRSVPInterfaces Win32_PerfFormattedData_RSVP_ACSRSVPService Win32_PerfFormattedData_Spooler_PrintQueue Win32_PerfFormattedData_TapiSrv_Telephony Win32_PerfFormattedData_Tcpip_ICMP Win32_PerfFormattedData_Tcpip_ICMPv6 Win32_PerfFormattedData_Tcpip_IP Win32_PerfFormattedData_Tcpip_IPv4 Win32_PerfFormattedData_Tcpip_IPv6 Win32_PerfFormattedData_Tcpip_NBTConnection Win32_PerfFormattedData_Tcpip_NetworkInterface Win32_PerfFormattedData_Tcpip_TCP Win32_PerfFormattedData_Tcpip_TCPv4 Win32_PerfFormattedData_Tcpip_TCPv6 Win32_PerfFormattedData_Tcpip_UDP Win32_PerfFormattedData_Tcpip_UDPv4 Win32_PerfFormattedData_Tcpip_UDPv6 Win32_PerfFormattedData_TermService_TerminalServices Win32_PerfFormattedData_TermService_TerminalServicesSession Win32_PerfRawData_ASP_ActiveServerPages Win32_PerfRawData_ContentFilter_IndexingServiceFilter Win32_PerfRawData_ContentIndex_IndexingService Win32_PerfRawData_Fax_FaxServices Win32_PerfRawData_FileReplicaConn_FileReplicaConn Win32_PerfRawData_FileReplicaSet_FileReplicaSet Win32_PerfRawData_IAS_IASAccountingClients Win32_PerfRawData_IAS_IASAccountingServer Win32_PerfRawData_IAS_IASAuthenticationClients Win32_PerfRawData_IAS_IASAuthenticationServer Win32_PerfRawData_InetInfo_InternetInformationServicesGlobal Win32_PerfRawData_IPSec_IPSecv4Driver Win32_PerfRawData_IPSec_IPSecv4IKE Win32_PerfRawData_ISAPISearch_HttpIndexingService Win32_PerfRawData_MSDTC_DistributedTransactionCoordinator Win32_PerfRawData_NETFramework_NETCLRExceptions Win32_PerfRawData_NETFramework_NETCLRInterop Win32_PerfRawData_NETFramework_NETCLRJit Win32_PerfRawData_NETFramework_NETCLRLoading Win32_PerfRawData_NETFramework_NETCLRLocksAndThreads Win32_PerfRawData_NETFramework_NETCLRMemory Win32_PerfRawData_NETFramework_NETCLRRemoting Win32_PerfRawData_NETFramework_NETCLRSecurity Win32_PerfRawData_NTDS_NTDS Win32_PerfRawData_NTFSDRV_SMTPNTFSStoreDriver Win32_PerfRawData_PerfDisk_LogicalDisk Win32_PerfRawData_PerfDisk_PhysicalDisk Win32_PerfRawData_PerfNet_Browser Win32_PerfRawData_PerfNet_Redirector Win32_PerfRawData_PerfNet_Server Win32_PerfRawData_PerfNet_ServerWorkQueues Win32_PerfRawData_PerfOS_Cache Win32_PerfRawData_PerfOS_Memory Win32_PerfRawData_PerfOS_Objects Win32_PerfRawData_PerfOS_PagingFile Win32_PerfRawData_PerfOS_Processor Win32_PerfRawData_PerfOS_System Win32_PerfRawData_PerfProc_FullImage_Costly Win32_PerfRawData_PerfProc_Image_Costly Win32_PerfRawData_PerfProc_JobObject Win32_PerfRawData_PerfProc_JobObjectDetails Win32_PerfRawData_PerfProc_Process Win32_PerfRawData_PerfProc_ProcessAddressSpace_Costly Win32_PerfRawData_PerfProc_Thread Win32_PerfRawData_PerfProc_ThreadDetails_Costly Win32_PerfRawData_RemoteAccess_RASPort Win32_PerfRawData_RemoteAccess_RASTotal Win32_PerfRawData_RSVP_ACSPerRSVPService Win32_PerfRawData_RSVP_ACSRSVPInterfaces Win32_PerfRawData_RSVP_ACSRSVPService Win32_PerfRawData_SMTPSVC_SMTPServer Win32_PerfRawData_Spooler_PrintQueue Win32_PerfRawData_TapiSrv_Telephony Win32_PerfRawData_Tcpip_ICMP Win32_PerfRawData_Tcpip_ICMPv6 Win32_PerfRawData_Tcpip_IP Win32_PerfRawData_Tcpip_IPv4 Win32_PerfRawData_Tcpip_IPv6 Win32_PerfRawData_Tcpip_NBTConnection Win32_PerfRawData_Tcpip_NetworkInterface Win32_PerfRawData_Tcpip_TCP Win32_PerfRawData_Tcpip_TCPv4 Win32_PerfRawData_Tcpip_TCPv6 Win32_PerfRawData_Tcpip_UDP Win32_PerfRawData_Tcpip_UDPv4 Win32_PerfRawData_Tcpip_UDPv6 Win32_PerfRawData_TermService_TerminalServices Win32_PerfRawData_TermService_TerminalServicesSession Win32_PerfRawData_W3SVC_WebService Win32_PhysicalMedia Win32_PhysicalMemory Win32_PhysicalMemoryArray Win32_PhysicalMemoryLocation Win32_PingStatus Win32_PNPAllocatedResource Win32_PnPDevice Win32_PnPEntity Win32_PnPSignedDriver Win32_PnPSignedDriverCIMDataFile Win32_PointingDevice Win32_PortableBattery Win32_PortConnector Win32_PortResource Win32_POTSModem Win32_POTSModemToSerialPort Win32_Printer Win32_PrinterConfiguration Win32_PrinterController Win32_PrinterDriver Win32_PrinterDriverDll Win32_PrinterSetting Win32_PrinterShare Win32_PrintJob Win32_Process Win32_Processor Win32_ProductOptional Win32_ProductCheck Win32_ProductResource Win32_ProductSoftwareFeatures Win32_ProgIDSpecification Win32_ProgramGroup Win32_ProgramGroupContents Win32_Property Win32_ProtocolBinding Win32_Proxy Win32_PublishComponentAction Win32_QuickFixEngineering Win32_QuotaSetting Win32_Refrigeration Win32_Registry Win32_RegistryAction Win32_RemoveFileAction Win32_RemoveIniAction Win32_ReserveCost Win32_ScheduledJob Win32_SCSIController Win32_SCSIControllerDevice Win32_SecuritySettingOfLogicalFile Win32_SecuritySettingOfLogicalShare Win32_SelfRegModuleAction Win32_SerialPort Win32_SerialPortConfiguration Win32_SerialPortSetting Win32_ServerConnection Win32_ServerSession Win32_Service Win32_ServiceControl Win32_ServiceSpecification Win32_ServiceSpecificationService Win32_SessionConnection Win32_SessionProcess Win32_ShadowBy Win32_ShadowCopy Win32_ShadowDiffVolumeSupport Win32_ShadowFor Win32_ShadowOn Win32_ShadowProvider Win32_ShadowStorage Win32_ShadowVolumeSupport Win32_Share Win32_ShareToDirectory Win32_ShortcutAction Win32_ShortcutFile Win32_ShortcutSAP Win32_SID Win32_SoftwareElement Win32_SoftwareElementAction Win32_SoftwareElementCheck Win32_SoftwareElementCondition Win32_SoftwareElementResource Win32_SoftwareFeature Win32_SoftwareFeatureAction Win32_SoftwareFeatureCheck Win32_SoftwareFeatureParent Win32_SoftwareFeatureSoftwareElements Win32_SoundDevice Win32_StartupCommand Win32_SubDirectory Win32_SystemAccount Win32_SystemBIOS Win32_SystemBootConfiguration Win32_SystemDesktop Win32_SystemDevices Win32_SystemDriver Win32_SystemDriverPNPEntity Win32_SystemEnclosure Win32_SystemLoadOrderGroups Win32_SystemLogicalMemoryConfiguration Win32_SystemNetworkConnections Win32_SystemOperatingSystem Win32_SystemPartitions Win32_SystemProcesses Win32_SystemProgramGroups Win32_SystemResources Win32_SystemServices Win32_SystemSlot Win32_SystemSystemDriver Win32_SystemTimeZone Win32_SystemUsers Win32_TapeDrive Win32_TCPIPPrinterPort Win32_TemperatureProbe Win32_Terminal Win32_TerminalService Win32_TerminalServiceSetting Win32_TerminalServiceToSetting Win32_TerminalTerminalSetting Win32_Thread Win32_TimeZone Win32_TSAccount Win32_TSClientSetting Win32_TSEnvironmentSetting Win32_TSGeneralSetting Win32_TSLogonSetting Win32_TSNetworkAdapterListSetting Win32_TSNetworkAdapterSetting Win32_TSPermissionsSetting Win32_TSRemoteControlSetting Win32_TSSessionDirectory Win32_TSSessionDirectorySetting Win32_TSSessionSetting Win32_TypeLibraryAction Win32_UninterruptiblePowerSupply Win32_USBController Win32_USBControllerDevice Win32_USBHub Win32_UserAccount Win32_UserDesktop Win32_UserInDomain Win32_UTCTime Win32_VideoConfiguration Win32_VideoController Win32_VideoSettings Win32_VoltageProbe Win32_Volume Win32_VolumeQuota Win32_VolumeQuotaSetting Win32_VolumeUserQuota Win32_WindowsProductActivation Win32_WMIElementSetting Win32_WMISetting</Keywords>
            <Keywords name="Keywords4">$$ $? $^ $Args $DebugPreference $Error $ErrorActionPreference $false $foreach $HistorySize $HOME $Host $Input $LastExitCode $Match $MshHome $MyInvocation $null $OFS $PSCommandPath $ShellID $StackTrace $true $_</Keywords>
            <Keywords name="Keywords5"></Keywords>
            <Keywords name="Keywords6"></Keywords>
            <Keywords name="Keywords7"></Keywords>
            <Keywords name="Keywords8"></Keywords>
            <Keywords name="Delimiters">00 01 02 03 04 05 06 07 08 09 10 11 12 13 14 15 16 17 18 19 20 21 22 23</Keywords>
        </KeywordLists>
        <Styles>
            <WordsStyle name="DEFAULT" fgColor="000000" bgColor="FFFFFF" fontName="" fontStyle="0" nesting="0" />
            <WordsStyle name="COMMENTS" fgColor="000000" bgColor="FFFFFF" fontName="" fontStyle="0" nesting="0" />
            <WordsStyle name="LINE COMMENTS" fgColor="FFFFFF" bgColor="189A01" fontName="" fontStyle="1" nesting="0" />
            <WordsStyle name="NUMBERS" fgColor="808080" bgColor="FFFFFF" fontName="" fontStyle="1" nesting="0" />
            <WordsStyle name="KEYWORDS1" fgColor="0000FF" bgColor="FFFFFF" fontName="" fontStyle="1" nesting="0" />
            <WordsStyle name="KEYWORDS2" fgColor="8000FF" bgColor="FFFFFF" fontName="" fontStyle="1" nesting="0" />
            <WordsStyle name="KEYWORDS3" fgColor="FF00FF" bgColor="FFFFFF" fontName="" fontStyle="1" nesting="0" />
            <WordsStyle name="KEYWORDS4" fgColor="FF8040" bgColor="FFFFFF" fontName="" fontStyle="1" fontSize="12" nesting="0" />
            <WordsStyle name="KEYWORDS5" fgColor="000000" bgColor="FFFFFF" fontName="" fontStyle="0" nesting="0" />
            <WordsStyle name="KEYWORDS6" fgColor="000000" bgColor="FFFFFF" fontName="" fontStyle="0" nesting="0" />
            <WordsStyle name="KEYWORDS7" fgColor="000000" bgColor="FFFFFF" fontName="" fontStyle="0" nesting="0" />
            <WordsStyle name="KEYWORDS8" fgColor="000000" bgColor="FFFFFF" fontName="" fontStyle="0" nesting="0" />
            <WordsStyle name="OPERATORS" fgColor="FF0000" bgColor="FFFFFF" fontName="" fontStyle="1" nesting="0" />
            <WordsStyle name="FOLDER IN CODE1" fgColor="000000" bgColor="FFFFFF" fontName="" fontStyle="0" nesting="0" />
            <WordsStyle name="FOLDER IN CODE2" fgColor="000000" bgColor="FFFFFF" fontName="" fontStyle="0" nesting="0" />
            <WordsStyle name="FOLDER IN COMMENT" fgColor="000000" bgColor="FFFFFF" fontName="" fontStyle="0" nesting="0" />
            <WordsStyle name="DELIMITERS1" fgColor="000000" bgColor="FFFFFF" fontName="" fontStyle="0" nesting="0" />
            <WordsStyle name="DELIMITERS2" fgColor="000000" bgColor="FFFFFF" fontName="" fontStyle="0" nesting="0" />
            <WordsStyle name="DELIMITERS3" fgColor="000000" bgColor="FFFFFF" fontName="" fontStyle="0" nesting="0" />
            <WordsStyle name="DELIMITERS4" fgColor="000000" bgColor="FFFFFF" fontName="" fontStyle="0" nesting="0" />
            <WordsStyle name="DELIMITERS5" fgColor="000000" bgColor="FFFFFF" fontName="" fontStyle="0" nesting="0" />
            <WordsStyle name="DELIMITERS6" fgColor="000000" bgColor="FFFFFF" fontName="" fontStyle="0" nesting="0" />
            <WordsStyle name="DELIMITERS7" fgColor="000000" bgColor="FFFFFF" fontName="" fontStyle="0" nesting="0" />
            <WordsStyle name="DELIMITERS8" fgColor="000000" bgColor="FFFFFF" fontName="" fontStyle="0" nesting="0" />
        </Styles>
    </UserLang>
    <UserLang name="LotusScript" ext="ls" udlVersion="2.1">
        <Settings>
            <Global caseIgnored="yes" allowFoldOfComments="no" foldCompact="no" forcePureLC="0" decimalSeparator="0" />
            <Prefix Keywords1="no" Keywords2="no" Keywords3="no" Keywords4="no" Keywords5="no" Keywords6="no" Keywords7="no" Keywords8="no" />
        </Settings>
        <KeywordLists>
            <Keywords name="Comments">03%REM 04%END 04REM 00&apos; 01 02</Keywords>
            <Keywords name="Numbers, prefix1"></Keywords>
            <Keywords name="Numbers, prefix2"></Keywords>
            <Keywords name="Numbers, extras1"></Keywords>
            <Keywords name="Numbers, extras2"></Keywords>
            <Keywords name="Numbers, suffix1"></Keywords>
            <Keywords name="Numbers, suffix2"></Keywords>
            <Keywords name="Numbers, range"></Keywords>
            <Keywords name="Operators1">- ! &amp; ( ) * , . / : ; ? [ \ ] ^ ~ + &lt; = &gt;</Keywords>
            <Keywords name="Operators2"></Keywords>
            <Keywords name="Folders in code1, open"></Keywords>
            <Keywords name="Folders in code1, middle"></Keywords>
            <Keywords name="Folders in code1, close"></Keywords>
            <Keywords name="Folders in code2, open"></Keywords>
            <Keywords name="Folders in code2, middle"></Keywords>
            <Keywords name="Folders in code2, close"></Keywords>
            <Keywords name="Folders in comment, open"></Keywords>
            <Keywords name="Folders in comment, middle"></Keywords>
            <Keywords name="Folders in comment, close"></Keywords>
            <Keywords name="Keywords1">As Button Currency Double Field Integer Long Single String Variant</Keywords>
            <Keywords name="Keywords2">Navigator New NotesACL NotesACLEntry NotesAgent NotesDatabase NotesDateRange NotesDateTime NotesDbDirectory NotesDocument NotesDocumentCollection NotesEmbeddedObject NotesForm NotesInternational NotesItem NotesLog NotesMIMEEntity NotesName NotesNewsletter NotesOutline NotesOutlineEntry NotesRegistration NotesReplication NotesRichTextItem NotesRichTextParagraphStyle NotesRichTextStyle NotesRichTextTab NotesSession NotesTimer NotesUIDatabase NotesUIDocument NotesUIView NotesUIWorkspace NotesView NotesViewColumn NotesViewEntry NotesViewEntryCollection NotesViewNavigator ODBCConnection ODBCQuery ODBCResultSet</Keywords>
            <Keywords name="Keywords3">Abs ACos ArrayAppend ArrayGetIndex ArrayReplace Asc ASin ATn ATn2 Bin Bin$ CCur CDat CDbl Chr Chr$ CInt CLng CodeLock CodeLockCheck CodeUnlock Command Cos CreateLock CreateObject CSng CStr CurDir CurDir$ CurDrive CurDrive$ CVar DataType Date Date$ DateNumber DateValue Day DestroyLock Dir Dir$ Environ Environ$ EOF Erl Err Error Error$ Exp Evaluate Execute FileAttr FileDateTime FileLen Fix Format Format$ Fraction FreeFile FullTrim GetFileAttr GetObject GetThreadInfo Hex Hex$ Hour IMESetMode IMEStatus Input Input$ InputB InputB$ InputBox InputBox$ InputBP InputBP$ InStr InStrB InStrBP InStrC Int IsArray IsDate IsDefined IsElement IsEmpty IsList IsNull IsNumeric IsObject IsScalar IsUnknown LBound LCase LCase$ Left Left$ LeftB LeftB$ LeftBP LeftBP$ LeftC Len LenB LenBP LenC ListTag LOC LOF Log LTrim LTrim$ MessageBox Mid Mid$ MidB MidB$ MidBP MidBP$ MidC Minute Month Now Oct Oct$ Right Right$ RightB RightB$ RightBP RightBP$ RightC Rnd Round RTrim RTrim$ Second Seek Sgn Shell Sin Space Space$ Spc Sqr Str Str$ StrCompare StrConv StrLeft StrLeftBack StrRight StrRightBack String$ Tab Tan Time Time$ TimeNumber Timer TimeValue Today Trim Trim$ TypeName UBound UCase UCase$ UChr UChr$ Uni UString UString$ Val Weekday Year Yield /C4&quot;Method &amp; Property&quot; Abbreviated Abstract Abstract ACL Activate AddCertifierToAddressbook AddDatabase AddDocument AddEntry AddEntry AddNewLine AddPageBreak Addr821 Addr822Comment1 Addr822Comment2 Addr822Comment3 Addr822LocalPart Addr822Phrase AddressBooks AddRole AddRow AddServerToAddressbook AddTab AddUserProfile AddUserToAddressbook AdjustDay AdjustHour AdjustMinute AdjustMonth AdjustSecond AdjustYear ADMD Agents Alias Aliases Alignment AllDocuments AllEntries AltOrgUnit AltOrgUnitLang AMString AppendDocLink AppendItemValue AppendParagraphStyle AppendRTItem AppendStyle AppendText AppendToTextList Authors AutoCommit AutoReload AutoUpdate BackgroundColor Bold CacheLimit CacheSize CalendarDateTime CanCreateDocuments CanCreateLSOrJavaAgent CanCreatePersonalAgent CanCreatePersonalFolder CanCreateSharedFolder CanDeleteDocuments Canonical CaretCategory Categories Categorize CertifierIDFile CheckAlarms ChildCount Class Clear ClearAllTabs ClearHistory Close CollapseAllSections ColumnCount ColumnIndentLevel ColumnNames Columns ColumnValues ColumnValues Comment CommitOnDisconnect CommitTransactions Common CommonOwner CommonUserName Compact ComposeDocument ComputeWithForm Connection ConnectTo Contains ContentAsText ContentSubType ContentType ConvertMime ConvertToZone Copy CopyAllItems CopyItem CopyItemToDocument CopyToDatabase Count Country Create CreateACLEntry CreateCopy Created CreateDatabase CreateDateRange CreateDateTime CreateDocument CreateEntry CreateEntryFrom CreateFromTemplate CreateLog CreateMailDb CreateName CreateNewsletter CreateOutline CreateRegistration CreateReplica CreateReplyMessage CreateRichTextItem CreateRichTextParagraphStyle CreateRichTextStyle CreateTimer CreateViewNav CreateViewNavFrom CreateViewNavFromCategory CreateViewNavFromChildren CreateViewNavFromDescendants CreateViewNavMaxLevel CrossCertify CurrencyDigits CurrencySymbol CurrentAccessLevel CurrentAgent CurrentCalendarDateTime CurrentDatabase CurrentDatabase CurrentDocument CurrentField CurrentRow CurrentView Cut CutoffDate CutoffDelete CutoffInterval Database Database DataSourceName DateFmt DateOnly DateSep DateTimeValue DecimalSep DelayUpdates DeleteDocument DeleteDocument DeleteEntry DeleteIDOnServer DeleteRole DeleteRow DescendantCount DeselectAll DesignTemplateName DialogBox DialogBoxCanceled Disabled DisableRole Disconnect Document DocumentContext Documents DoScore DoSubject DoVerb EditDocument EditMode EditProfile EffectiveUserName Effects EmbeddedObjects EmbeddedObjects EmbedObject EnableAlarms Enabled EnableFolder EnableRole Encrypt EncryptionKeys EncryptOnSend EndDateTime EntryClass ExecProcedure ExpandAllSections Expiration ExtractFile FetchBatchSize FieldAppendText FieldClear FieldContains FieldExpectedDataType FieldGetText FieldHelp FieldID FieldInfo FieldName FieldNativeDataType Fields FieldSetText FieldSize FileName FilePath FileSize FindFreeTimeDialog FindFreeTimeDialogEx FindString FirstLineLeftMargin FirstRow FitBelowFields FitToWindow Folder FolderReferences FolderReferencesEnabled FontColor FontFace FontPointSize FontSize FontStyle FormatDocument FormatMsgWithDoclinks Forms Formula Formula FormUsers Forward FrameText FreeTimeSearch FTDomainSearch FTSearch FTSearchScore Generation GetAgent GetAllDocumentsByKey GetAllEntriesByKey GetAttachment GetChild GetColumn GetCurrent GetDatabase GetDbDirectory GetDocument GetDocumentByID GetDocumentByKey GetDocumentByUNID GetDocumentByURL GetEmbeddedObject GetEntry GetEntryByKey GetEnvironmentString GetEnvironmentValue GetError GetError GetError GetErrorMessage GetErrorMessage GetErrorMessage GetExtendedErrorMessage GetExtendedErrorMessage GetExtendedErrorMessage GetFirst GetFirstChildEntity GetFirstDatabase GetFirstDocument GetFirstDocument GetFirstEntry GetFirstItem GetForm GetFormattedText GetIDFromServer GetItemValue GetLast GetLastDocument GetLastEntry GetListOfTunes GetLSDOMasterRevision GetMIMEEntity GetNext GetNextCategory GetNextDatabase GetNextDocument GetNextEntry GetNextSibling GetNth GetNthDocument GetNthEntry GetOutline GetParameter GetParameterName GetParent GetParentDocument GetParentEntity GetPos GetPosition GetPrev GetPrevCategory GetPrevDocument GetPrevDocument GetPrevDocument GetPrevEntry GetPrevSibling GetProfileDocCollection GetProfileDocument GetRowStatus GetSelectedText GetURLHeaderInfo GetUserInfo GetValue GetView Given GMTTime GotoBottom GotoChild GotoEntry GotoField GotoFirst GotoFirstDocument GotoLast GotoLastDocument GotoNext GotoNextCategory GotoNextDocument GotoNextField GotoNextSibling GotoParent GotoPos GotoPrev GotoPrevCategory GotoPrevDocument GotoPrevField GotoPrevSibling GotoTop GrantAccess HasChildren HasEmbedded HasItem HasRowChanged HasRunSinceModified HeaderAlignment HeaderLines Headers HiddenChars HideFormula HorzScrollBar HttpURL IDType IgnoreDeletes IgnoreDestDeletes ImagesText Import IndentLevel Initialize InitializeUsingNotesUserName Initials InPreviewPane InsertText InterLineSpacing International InternetLevel Interval IsAccentSensitiveSort IsAdminReaderAuthor IsAdminServer IsAuthors IsBeginOfData IsCalendar IsCaseSensitiveSort IsCategorized IsCategory IsConflict IsConnected IsCurrencySpace IsCurrencySuffix IsCurrencyZero IsDateDMY IsDateMDY IsDateYMD IsDefaultView IsDeleted IsDirectoryCatalog IsDocument IsDST IsEnabled IsEncrypted IsEndOfData IsField IsFolder IsFormula IsFTIndexed IsGroup IsHidden IsHiddenFromNotes IsHiddenFromWeb IsHideDetail IsHierarchical IsHierarchical IsIcon IsInThisDB IsModified IsMultiDbSearch IsNames IsNewDoc IsNewNote IsNorthAmerican IsNotesAgent IsOnServer IsOpen IsPerson IsPrivate IsPrivateAddressBook IsProfile IsProtected IsPublic IsPublicAddressBook IsPublicReader IsPublicWriter IsReaders IsResize IsResortAscending IsResortDescending IsResortToView IsResponse IsResultSetAvailable IsRoleEnabled IsSecondaryResort IsSecondaryResortDescending IsServer IsShowTwistie IsSigned IsSortDescending IsSorted IsSubForm IsSummary IsSupported IsTime24Hour IsTotal IsUIDocOpen IsValid IsValidDate IsValueAltered IsValueNull IsWebAgent Italic ItemName Items KeepSelectionFocus Key Keyword Label Language LastAccessed LastExitStatus LastFTIndexed LastModified LastRow LastRun LeftMargin Level ListDataSources ListFields ListProcedures ListSep ListTables LocalTime LocateRow LogAction LogActions LogError LogErrors LogEvent LSGMTTime LSLocalTime MakeResponse Managers MaxLevel MaxRows MaxSize MinPasswordLength MoveEntry Name NamedElement NameObject NameOfProfile NavBarSetText NavBarSpinnerStart NavBarSpinnerStop NextRow NoteID NotesBuildVersion NotesColor NotesFont NotesURL NotesVersion NumActions NumberAttrib NumberDigits NumberFormat NumColumns NumErrors NumParameters NumRows Object Open OpenAgentLog OpenByReplicaID OpenDatabase OpenDatabaseByReplicaID OpenDatabaseIfModified OpenFileDialog OpenFileLog OpenFrameSet OpenIfModified OpenMail OpenMailDatabase OpenMailLog OpenNavigator OpenNotesLog OpenPage OpenURLDb OpenView OpenWithFailover Organization OrgUnit OrgUnit1 OrgUnit2 OrgUnit3 OrgUnit4 OverwriteFile Owner Pagination ParameterDocID Parent ParentDatabase ParentDocumentUNID ParentView PassThruHTML Paste PercentUsed PickListCollection PickListStrings Platform PlayTune PMString Position PreviewDocLink PreviewParentDoc PrevRow Print Priority PRMD ProgramName Prompt ProtectReaders ProtectUsers PutAllInFolder PutInFolder Query QueryAccess QueryExecuteTimeOut Readers ReadOnly ReCertify Refresh RefreshHideFormulas RefreshParentNote RegisterNewCertifier RegisterNewServer RegisterNewUser RegistrationLog RegistrationServer Reload ReloadWindow Remove RemoveACLEntry RemoveAll RemoveAllFromFolder RemoveEntry RemoveFromFolder RemoveItem RenameRole RenderToRTItem ReplaceItemValue ReplicaID Replicate ReplicationInfo Reset Resolve Responses RevokeAccess RightMargin Roles RollbackTransactions RowLines Ruler Run RunOnServer RunReadOnly Save SavedData SaveFileDialog SaveMessageOnSend SaveNewVersion SaveToDisk Search SelectAll SelectDocument Send SentByAgent Server ServerName SetAction SetAnyDate SetAnyTime SetCurrentLocation SetEnvironmentVar SetNamedElement SetNoteLink SetNow SetParameter SetTab SetTabs SetTargetFrame SetURL SetValue SiblingCount Sign Signer SignOnSend SilentMode Size SizeQuota Source Spacing SpacingAbove SpacingBelow SpellCheck SQL StampAll StartDateTime StoreIDInAddressbook Strikethrough SubjectItemName Surname SwitchToID Tabs Target TemplateName Text ThousandsSep TimeDateFmt TimeDifference TimeDifferenceDouble TimeFmt TimeOnly TimeSep TimeZone TimeZoneFmt Title Tomorrow TopLevelEntryCount Trigger Type Underline UniformAccess UniversalID UnprocessedDocuments UnprocessedFTSearch UnprocessedSearch UpdateAddressbook UpdateAll UpdateFTIndex UpdateProcessedDoc UpdateRow URL URLDatabase URLOpen UseHideFormula UseLSX UserName UserNameList UserNameObject UseRowID UserType ValueLength Values Verbs Verifier View ViewAlias ViewName ViewRefresh Views Width WindowTitle Yesterday ZoneTime ActivateApp Beep Call Case ChDir ChDrive Const Declare Deftype Delete Dim Do Else ElseIf End Erase Exit FileCopy For ForAll Function Get GoSub GoTo If Kill Let Line Lock LSet MkDir On Option Property Put Randomize ReDim Rem Resume Return RmDir RSet Select SendKeys Set SetFileAttr Sleep Stop Sub Then Unlock Use While With Write</Keywords>
            <Keywords name="Keywords4">Alarm Click Entering Exiting ObjectExecute PostDocumentDelete PostDragDrop PostModeChange PostOpen PostPaste PostRecalc PostSave QueryAddToFolder QueryClose QueryDocumentDelete QueryDocumentUndelete QueryDragDrop QueryModeChange QueryOpen QueryOpenDocument QueryPaste QueryRecalc QuerySave RegionDoubleClick False Nothing Null Pi True And Eqv Imp Is IsA Mod Not Or Xor</Keywords>
            <Keywords name="Keywords5"></Keywords>
            <Keywords name="Keywords6"></Keywords>
            <Keywords name="Keywords7"></Keywords>
            <Keywords name="Keywords8"></Keywords>
            <Keywords name="Delimiters">00&quot; 01 02&quot; 03| 04 05| 06 07 08 09 10 11 12 13 14 15 16 17 18 19 20 21 22 23</Keywords>
        </KeywordLists>
        <Styles>
            <WordsStyle name="DEFAULT" fgColor="000000" bgColor="FFFFFF" fontName="" fontStyle="0" nesting="0" />
            <WordsStyle name="COMMENTS" fgColor="0000FF" bgColor="FFFFFF" fontName="" fontStyle="0" nesting="0" />
            <WordsStyle name="LINE COMMENTS" fgColor="0000FF" bgColor="FFFFFF" fontName="" fontStyle="0" nesting="0" />
            <WordsStyle name="NUMBERS" fgColor="000000" bgColor="FFFFFF" fontName="" fontStyle="1" nesting="0" />
            <WordsStyle name="KEYWORDS1" fgColor="FF0000" bgColor="FFFFFF" fontName="" fontStyle="0" nesting="0" />
            <WordsStyle name="KEYWORDS2" fgColor="8000FF" bgColor="FFFFFF" fontName="" fontStyle="0" nesting="0" />
            <WordsStyle name="KEYWORDS3" fgColor="800040" bgColor="FFFFFF" fontName="" fontStyle="0" nesting="0" />
            <WordsStyle name="KEYWORDS4" fgColor="FF8040" bgColor="FFFFFF" fontName="" fontStyle="0" nesting="0" />
            <WordsStyle name="KEYWORDS5" fgColor="000000" bgColor="FFFFFF" fontName="" fontStyle="0" nesting="0" />
            <WordsStyle name="KEYWORDS6" fgColor="000000" bgColor="FFFFFF" fontName="" fontStyle="0" nesting="0" />
            <WordsStyle name="KEYWORDS7" fgColor="000000" bgColor="FFFFFF" fontName="" fontStyle="0" nesting="0" />
            <WordsStyle name="KEYWORDS8" fgColor="000000" bgColor="FFFFFF" fontName="" fontStyle="0" nesting="0" />
            <WordsStyle name="OPERATORS" fgColor="FF8000" bgColor="FFFFFF" fontName="" fontStyle="0" nesting="0" />
            <WordsStyle name="FOLDER IN CODE1" fgColor="00FF40" bgColor="FFFFFF" fontName="" fontStyle="0" nesting="0" />
            <WordsStyle name="FOLDER IN CODE2" fgColor="000000" bgColor="FFFFFF" fontName="" fontStyle="0" nesting="0" />
            <WordsStyle name="FOLDER IN COMMENT" fgColor="000000" bgColor="FFFFFF" fontName="" fontStyle="0" nesting="0" />
            <WordsStyle name="DELIMITERS1" fgColor="008000" bgColor="FFFFFF" fontName="" fontStyle="2" nesting="0" />
            <WordsStyle name="DELIMITERS2" fgColor="008000" bgColor="FFFFFF" fontName="" fontStyle="2" nesting="0" />
            <WordsStyle name="DELIMITERS3" fgColor="000000" bgColor="FFFFFF" fontName="" fontStyle="0" nesting="0" />
            <WordsStyle name="DELIMITERS4" fgColor="000000" bgColor="FFFFFF" fontName="" fontStyle="0" nesting="0" />
            <WordsStyle name="DELIMITERS5" fgColor="000000" bgColor="FFFFFF" fontName="" fontStyle="0" nesting="0" />
            <WordsStyle name="DELIMITERS6" fgColor="000000" bgColor="FFFFFF" fontName="" fontStyle="0" nesting="0" />
            <WordsStyle name="DELIMITERS7" fgColor="000000" bgColor="FFFFFF" fontName="" fontStyle="0" nesting="0" />
            <WordsStyle name="DELIMITERS8" fgColor="000000" bgColor="FFFFFF" fontName="" fontStyle="0" nesting="0" />
        </Styles>
    </UserLang>
    <UserLang name="tsql" ext="sql" udlVersion="2.1">
        <Settings>
            <Global caseIgnored="yes" allowFoldOfComments="yes" foldCompact="no" forcePureLC="0" decimalSeparator="2" />
            <Prefix Keywords1="no" Keywords2="no" Keywords3="no" Keywords4="no" Keywords5="yes" Keywords6="yes" Keywords7="yes" Keywords8="yes" />
        </Settings>
        <KeywordLists>
            <Keywords name="Comments">00-- 01 02 03/* 04*/</Keywords>
            <Keywords name="Numbers, prefix1"></Keywords>
            <Keywords name="Numbers, prefix2"></Keywords>
            <Keywords name="Numbers, extras1"></Keywords>
            <Keywords name="Numbers, extras2"></Keywords>
            <Keywords name="Numbers, suffix1"></Keywords>
            <Keywords name="Numbers, suffix2"></Keywords>
            <Keywords name="Numbers, range"></Keywords>
            <Keywords name="Operators1">+ - * / % = &amp; | ^ = &gt; &lt; &gt;= &lt;= &lt;&gt; != !&lt; !&gt; += -= *= /= %= &amp;= ^= |= :: ~ ; , ( )</Keywords>
            <Keywords name="Operators2">all and any between exists in like not or some except intersect union</Keywords>
            <Keywords name="Folders in code1, open">begin</Keywords>
            <Keywords name="Folders in code1, middle"></Keywords>
            <Keywords name="Folders in code1, close">end</Keywords>
            <Keywords name="Folders in code2, open"></Keywords>
            <Keywords name="Folders in code2, middle"></Keywords>
            <Keywords name="Folders in code2, close"></Keywords>
            <Keywords name="Folders in comment, open"></Keywords>
            <Keywords name="Folders in comment, middle"></Keywords>
            <Keywords name="Folders in comment, close"></Keywords>
            <Keywords name="Keywords1">add all alter and any as asc authorization backup begin between break browse bulk by cascade case catch check checkpoint close clustered coalesce collate column commit compute constraint contains containstable continue convert create cross current current_date current_time current_timestamp current_user cursor database dbcc deallocate declare default delete deny desc disk distinct distributed double drop dump else end errlvl escape except exec execute exists exit external fetch file fillfactor for foreign freetext freetexttable from full function goto grant group having holdlock identity identity_insert identitycol if in index inner insert intersect into is join key kill left like lineno load merge national nocheck nonclustered not null nullif of off offsets on open opendatasource openquery openrowset openxml option or order outer over percent pivot plan precision primary print proc procedure public raiserror read readtext reconfigure references replication restore restrict return revert revoke right rollback rowcount rowguidcol rule save schema securityaudit select session_user set setuser shutdown some statistics system_user table tablesample textsize then to top tran transaction try trigger truncate tsequal union unique unpivot update updatetext use user values varying view waitfor when where while with writetext</Keywords>
            <Keywords name="Keywords2">@@connections @@cpu_busy @@cursor_rows @@datefirst @@datefirst @@dbts @@error @@fetch_status @@identity @@idle @@io_busy @@langid @@language @@language @@lock_timeout @@max_connections @@max_precision @@nestlevel @@options @@pack_received @@pack_received @@pack_sent @@packet_errors @@procid @@remserver @@rowcount @@servername @@servicename @@spid @@textsize @@timeticks @@total_errors @@total_read @@total_write @@trancount @@version abs acos app_name applock_mode applock_test ascii asin assemblyproperty asymkey_id atan atn2 binary_checksum cast and convert ceiling cert_id certproperty char charindex checksum col_length col_name columnproperty columns_updated connectionproperty context_info cos cot current_request_id current_timestamp current_user cursor_status database_principal_id database_principal_id databasepropertyex datalength dateadd datediff datename datepart day db_id db_name decryptbyasmkey decryptbycert decryptbykey decryptbykeyautocert decryptbypassphrase degrees difference encryptbyasmkey encryptbycert encryptbykey encryptbypassphrase error_line error_message error_number error_procedure error_severity error_state eventdata exp file_id file_idex file_name filegroup_id filegroup_name filegroupproperty fileproperty floor fn_virtualfilestats formatmessage fulltextcatalogproperty fulltextserviceproperty get_filestream_transaction_context getansinull getdate getutcdate has_perms_by_name hashbytes host_id host_name ident_current ident_incr ident_seed identity index_col indexkey_property indexproperty is_member is_srvrolemember isdate isnull isnumeric key_guid key_id left len log log10 lower ltrim min_active_rowversion month nchar newid newsequentialid next value for object_definition object_id object_name object_schema_name objectproperty objectpropertyex original_db_name original_login parsename pathname patindex patindex permissions pi power publishingservername pwdcompare pwdencrypt quotename radians rand replace replicate reverse right round rtrim schema_id schema_id schema_name schema_name scope_identity serverproperty session_user set datefirst set dateformat set language sign signbyasymkey signbycert sin soundex sp_helplanguage space sql_variant_property sqrt square stats_date str stuff substring suser_id suser_name suser_sid suser_sname switchoffset sys.fn_builtin_permissions sys.fn_my_permissions sysdatetime sysdatetime sysdatetimeoffset sysdatetimeoffset system_user sysutcdatetime tan textptr textvalid todatetimeoffset trigger_nestlevel type_id type_name typeproperty unicode update upper user_id user_name verifysignedbyasmkey verifysignedbycert xact_state year</Keywords>
            <Keywords name="Keywords3">bigint binary bit char cursor date datetime datetime2 datetimeoffset decimal float hierarchyid image int money nchar ntext numeric nvarchar real smalldatetime smallint smallmoney sql_variant table text time timestamp tinyint uniqueidentifier varbinary varchar xml</Keywords>
            <Keywords name="Keywords4">avg checksum_agg containstable count count_big dense_rank freetexttable grouping grouping_id max min ntile opendatasource openquery openrowset openxml over cLAUSE rank row_number rowcount_big stdev stdevp sum var varp</Keywords>
            <Keywords name="Keywords5">@@</Keywords>
            <Keywords name="Keywords6">@</Keywords>
            <Keywords name="Keywords7">##</Keywords>
            <Keywords name="Keywords8">#</Keywords>
            <Keywords name="Delimiters">00&apos; 01 02&apos; 03[ 04 05] 06 07 08 09 10 11 12 13 14 15 16 17 18 19 20 21 22 23</Keywords>
        </KeywordLists>
        <Styles>
            <WordsStyle name="DEFAULT" fgColor="000000" bgColor="FFFFFF" fontName="" fontStyle="0" nesting="0" />
            <WordsStyle name="COMMENTS" fgColor="808080" bgColor="FFFFFF" fontName="" fontStyle="3" nesting="0" />
            <WordsStyle name="LINE COMMENTS" fgColor="808080" bgColor="FFFFFF" fontName="" fontStyle="3" nesting="0" />
            <WordsStyle name="NUMBERS" fgColor="800000" bgColor="FFFFFF" fontName="" fontStyle="0" nesting="0" />
            <WordsStyle name="KEYWORDS1" fgColor="0000A0" bgColor="FFFFFF" fontName="" fontStyle="5" nesting="0" />
            <WordsStyle name="KEYWORDS2" fgColor="FF00FF" bgColor="FFFFFF" fontName="" fontStyle="1" nesting="0" />
            <WordsStyle name="KEYWORDS3" fgColor="000000" bgColor="FFFFFF" fontName="" fontStyle="5" nesting="0" />
            <WordsStyle name="KEYWORDS4" fgColor="FF00FF" bgColor="FFFFFF" fontName="" fontStyle="4" nesting="0" />
            <WordsStyle name="KEYWORDS5" fgColor="008040" bgColor="FFFFFF" fontName="" fontStyle="1" nesting="0" />
            <WordsStyle name="KEYWORDS6" fgColor="00B900" bgColor="FFFFFF" fontName="" fontStyle="0" nesting="0" />
            <WordsStyle name="KEYWORDS7" fgColor="000000" bgColor="FFFFFF" fontName="" fontStyle="5" nesting="0" />
            <WordsStyle name="KEYWORDS8" fgColor="000000" bgColor="FFFFFF" fontName="" fontStyle="4" nesting="0" />
            <WordsStyle name="OPERATORS" fgColor="952BFF" bgColor="FFFFFF" fontName="" fontStyle="1" nesting="0" />
            <WordsStyle name="FOLDER IN CODE1" fgColor="000080" bgColor="FFFFFF" fontName="" fontStyle="5" nesting="0" />
            <WordsStyle name="FOLDER IN CODE2" fgColor="000000" bgColor="FFFFFF" fontName="" fontStyle="0" nesting="0" />
            <WordsStyle name="FOLDER IN COMMENT" fgColor="000000" bgColor="FFFFFF" fontName="" fontStyle="0" nesting="0" />
            <WordsStyle name="DELIMITERS1" fgColor="FF0000" bgColor="FFFFFF" fontName="" fontStyle="0" nesting="0" />
            <WordsStyle name="DELIMITERS2" fgColor="000000" bgColor="FFFFFF" fontName="" fontStyle="4" nesting="0" />
            <WordsStyle name="DELIMITERS3" fgColor="000000" bgColor="FFFFFF" fontName="" fontStyle="0" nesting="0" />
            <WordsStyle name="DELIMITERS4" fgColor="000000" bgColor="FFFFFF" fontName="" fontStyle="0" nesting="0" />
            <WordsStyle name="DELIMITERS5" fgColor="000000" bgColor="FFFFFF" fontName="" fontStyle="0" nesting="0" />
            <WordsStyle name="DELIMITERS6" fgColor="000000" bgColor="FFFFFF" fontName="" fontStyle="0" nesting="0" />
            <WordsStyle name="DELIMITERS7" fgColor="000000" bgColor="FFFFFF" fontName="" fontStyle="0" nesting="0" />
            <WordsStyle name="DELIMITERS8" fgColor="000000" bgColor="FFFFFF" fontName="" fontStyle="0" nesting="0" />
        </Styles>
    </UserLang>
    <UserLang name="WinBatch" ext="wil" udlVersion="2.1">
        <Settings>
            <Global caseIgnored="yes" allowFoldOfComments="no" foldCompact="no" forcePureLC="0" decimalSeparator="0" />
            <Prefix Keywords1="no" Keywords2="no" Keywords3="no" Keywords4="yes" Keywords5="no" Keywords6="no" Keywords7="no" Keywords8="no" />
        </Settings>
        <KeywordLists>
            <Keywords name="Comments">03 04 00; 01 02</Keywords>
            <Keywords name="Numbers, prefix1"></Keywords>
            <Keywords name="Numbers, prefix2"></Keywords>
            <Keywords name="Numbers, extras1"></Keywords>
            <Keywords name="Numbers, extras2"></Keywords>
            <Keywords name="Numbers, suffix1"></Keywords>
            <Keywords name="Numbers, suffix2"></Keywords>
            <Keywords name="Numbers, range"></Keywords>
            <Keywords name="Operators1">! &amp; ( ) , ^ | + &lt; = &gt;</Keywords>
            <Keywords name="Operators2"></Keywords>
            <Keywords name="Folders in code1, open">if while for switch #DefineFunction</Keywords>
            <Keywords name="Folders in code1, middle"></Keywords>
            <Keywords name="Folders in code1, close">endif endwhile next endswitch #EndFunction end</Keywords>
            <Keywords name="Folders in code2, open"></Keywords>
            <Keywords name="Folders in code2, middle"></Keywords>
            <Keywords name="Folders in code2, close"></Keywords>
            <Keywords name="Folders in comment, open"></Keywords>
            <Keywords name="Folders in comment, middle"></Keywords>
            <Keywords name="Folders in comment, close"></Keywords>
            <Keywords name="Keywords1">dsAclGetAces dsAclAddAce dsAclRemAce dsAclOrderAce dsAddToGrp dsCopySecObj dsCreateObj dsCreatSecObj dsDeleteObj dsFindPath dsGetChldPath dsGetClass dsGetinfo dsGetMemGrp dsGetProperty dsGetPropName dsGetPrntPath dsGetSecProp dsGetSecProp dsisMemberGrp dsisObject dsRelSecObj dsSetPassword dsisContainer dsMoveObj dsRemFromGrp dsSetCredent dsSetCredentx dsSetObj dsSetProperty cCheckBox cClearLBAll cClearLVItem cClearTVItem cClickButton cClickToolbar cDblClickItem cEnableState cFindbyClass cFindbyName cGetCalDate cGetCBCount cGetCBText cGetDTPDate cGetEditText cGetHRText cGetInfo cGetIpAddr cGetLBCount cGetLBText cGetLBSelText cGetLVText cGetLVColText cGetSBText cGetTBText cGetTrackMax cGetTrackMin cGetTrackPos cGetUpDownMax cGetUpDownMin cGetUpDownPos cGetWndCursor cPostButton cPostMessage cRadioButton cSendMessage cSetCalDate cSetCBItem cSetDTPDate cSetEditText cSetFocus cSetIpAddr cSetLBItem cSetLBItemEx cSetLVItem cSetTABItem cSetTrackPos cSetTVItem cSetUpDownPos cSetWndText cWinIdConvert cWndByClass cWndByID cWndByName cWndBySeq cWndExist cWndInfo cWndState cCloneCheck cCpuBenchmark cCpuFeat cCpuid cCpuidExt cMemStat cCpuSpeed cCpuSupt cVersionInfo SrchInit SrchNext SrchFree srchVersion ibsta ibcnt ibcntl iberr ibGetPad ibGetSad ibMakeAddr ibStatus ibAsk ibbna ibCac ibClr ibCmd ibCmda ibConfig ibDev ibDma ibEos ibEot ibEvent ibFind ibGts ibInit ibIst ibLines ibLn ibLoc ibOnl ibPad ibPct ibPpc ibRd ibRdf ibRpp ibRsc ibRsp ibRsv ibSad ibSic ibSre ibStop ibTmo ibTrg ibWait ibWrt ibWrtf AllSPoll DevClear DevClearList EnableLocal EnableRemote FindLstn FindRQS PassControl PPoll PPollConfig PPollUnconfig RecvRspMsg ReadStsByte Receive ReceiveSetup ResetSys Send SendCmds SendDataBytes SendIFC SendList SendLLO SendSetup SetRWLS TestSRQ TestSys Trigger TriggerList WaitSRQ ipAddr2Host ipGetAddress ipGetLastErr ipHost2Addr ipVersion mCompatible mError mFindNext mLogOff mLogOn mReadNextMsg mSendMail mSyncMail mVersion n3Attach n3CaptureEnd n3CaptureGet n3CapturePrt n3ChgPassword n3Detach n3DirAttrGet n3DirAttrSet n3DirTimeGet n3DrivePath n3DriveStatus n3FileAttrGet n3FileAttrSet n3FileTimeGet n3GetConnNum n3GetMapped n3GetNetAddr n3GetUser n3GetUserId n3Logout n3Map n3MapDelete n3MapDir n3MapRoot n3MemberDel n3MemberGet n3MemberSet n3MsgSend n3MsgSendAll n3ServerInfo n3ServerList n3UserGroups n3Version n4Attach n4CaptureEnd n4CaptureGet n4CapturePrt n4ChgPassword n4Detach n4DirAttrGet n4DirAttrSet n4DirTimeGet n4DrivePath n4DriveStatus n4FileAttrGet n4FileAttrSet n4FileTimeGet n4FileUsers n4GetConnNum n4GetContext n4GetMapped n4GetNetAddr n4GetUser n4GetUserId n4GetUserName n4Login n4Logout n4LogoutTree n4Map n4MapDelete n4MapDir n4MapRoot n4MemberDel n4MemberGet n4MemberSet n4MsgSend n4MsgSendAll n4NameConvert n4ObjDelete n4ObjGetVal n4ObjMove n4ObjOptions n4ObjRename n4ObjSearch n4ObjectList n4ObjectInfo n4ObjectProps n4ServerInfo n4ServerList n4SetContext n4SetContextG n4SetOptions n4SetPrimServ n4UserGroupEx n4UserGroups n4Version nwChgPassword nwClientInfo nwDelConnNum nwDrivePath nwDriveStatus nwGetConnInfo nwGetContext nwGetDirInfo nwGetDirLimit nwGetFileInfo nwGetMapped nwGetNLMInfo nwGetObjValue nwGetObjInfo nwGetOptions nwGetSrvCfg nwGetSrvInfo nwGetSrvParam nwGetSrvStats nwGetSrvStats nwGetVolLimit nwLastErrMsg nwMap nwMapDelete nwNameConvert nwServerList nwSetContext nwSetDirInfo nwSetDirLimit nwSetFileInfo nwSetOptions nwSetPassword nwSetPrimServ nwSetVolLimit nwSetSrvInfo nwSetSrvParam nwSrvExecNCF nwSrvGenGUID nwSrvNLMMgr nwSrvShutdown nwVfyPassword nwVersionA nwVersionU nwVfyPassword qAllocConnect qAllocEnv qAllocStmt qBindCol qColumns qConfigData qConnect qDataSources qDisconnect qDriverCon qDriverList qError qExecDirect qFetch qFreeConnect qFreeEnv qFreeStmt qGetData qLastCode qNativeSql qNumRsltCol qSetConnOpt qSpecial qTables qTransact qVersionInfo zClrPortBit zGetPortBit zLPortShift zNotPortBit zPortIn zPortOut zRPortShift zSetPortBit kVerInfo kInit kDest kSendText kSendFile kGetMail kManageImap4 kStatusInfo kDeletePop3 pAddPrinter pAddPrtConn pDelPrinter pDelPrtConn pGetDefPrtInf pGetErrorCode pGetErrorMsg pGetPrtAttrib pGetPrtInfo pGetPrtList pPaperBins pPaperSizes pSetDefPrt pSetDefPrtEx pSetPrtAttrib pSetPrtInfo pVersionInfo tBrowseCntrs tCloseProc tCompatible tCountProc tGetData tGetLastError tGetModInfo tGetProcInfo tKillProc tListMod tListProc tOpenProc tRemoteConn tVersion RasConStatus RasCopy RasDial RasEntryAdd RasEntryDel RasEntryExist RasEntryInfo RasEntrySet RasGetLastErr RasHangUp RasInstalled RasItemize RasListActCon RasNameValid RasNumCons RasRename RasVersion rRegSearch rRegVersion pCaptureLog pCaptureOff pCaptureOn pCheckBinary pCheckSum pComClose pComControl pComInfo pComOpen pGetBinary pGetByte pGetChar pGetLastError pGetLine pGetString pModemAnsCall pModemAnsRing pModemCommand pModemConnect pModemControl pModemDial pModemHangup pModemInit pModemParams pModemSReg pPeekByte pPeekChar pPutBinary pPutByte pPutChar pPutLine pPutString pRecvFile pSendFile pTimeout pWaitFor aFileCopy aFileDelete aFileMove aFileRename aGetLastError aMsgTimeout aStatusBar aShellFolder aVersion xBaseConvert xCursorSet xDiskLabelGet xDriveReady xEjectMedia xExtenderInfo xGetChildHwnd xGetElapsed xHex xMemCompact xMessageBox xSendMessage xVerifyCCard w95AccessAdd w95AccessDel w95AddDrive w95AddPrinter w95CancelCon w95DirDialog w95FileClose w95FileUsers w95GetCon w95GetDrive w95GetUser w95Resources w95ServerInfo w95ServerType w95ServiceAt w95ServiceInf w95ShareAdd w95ShareInfo w95ShareList w95ShareSet w95ShareUsers w95ShareDel w95Version wntAccessAdd wntAccessAdd2 wntAccessDel wntAccessGet wntAccessList wntAcctInfo wntAcctPolGet wntAcctPolSet wntAddDrive wntAddPrinter wntAuditAdd wntAuditAdd2 wntAuditDel wntAuditGet wntAuditList wntCancelCon wntChgPswd wntCurrUsers wntDirDialog wntDomainSync wntEventLog wntEventWrite wntFileClose wntFilesOpen wntFileUsers wntGetCon wntGetDrive wntGetUser wntGroupAdd wntGroupDel wntGroupEdit wntGroupInfo wntGroupRen wntListGroups wntLsaPolGet wntLsaPolSet wntMemberDel wntMemberGet wntMemberGrps wntMemberList wntMemberLst2 wntMemberSet wntOwnerGet wntOwnerSet wntPrivAdd wntPrivDel wntPrivGet wntPrivList wntRasUserGet wntRasUserSet wntRemoteTime wntResources wntResources2 wntRunAsUser wntServerInfo wntServerList wntServerType wntServiceAt wntServiceInf wntShareAdd wntShareDel wntShareinfo wntShareList wntShareSet wntShareUsers wntShutdown wntSvcCfgGet wntSvcCfgSet wntSvcControl wntSvcCreate wntSvcDelete wntSvcStart wntSvcStatus wntUserAdd wntUserAddDat wntUserDel wntUserExist wntUserGetDat wntUserInfo wntUserList wntUserProps wntUserRename wntUserSetDat wntUserSidChk wntVersion wntWtsUserGet wntWtsUserSet w9xAccessAdd w9xAccessDel w9xAccessGet w9xAccessList w9xFileUsers w9xGetDc w9xGroupAdd w9xGroupDel w9xGroupInfo w9xListGroups w9xMemberDel w9xMemberGet w9xMemberGrps w9xMemberList w9xMemberSet w9xOwnerGet w9xRemoteTime w9xServiceAt w9xServerList w9xShareAdd w9xShareDel w9xShareInfo w9xShareSet w9xUserAdd w9xUserAddDat w9xUserDel w9xUserExist w9xUserGetDat w9xUserInfo w9xUserList w9xUserProps w9xUserRename w9xUserSetDat w9xVersion netAddDrive netAddPrinter netCancelCon netDirDialog netGetCon netGetUser netResources netVersion iAddr2Host iClose iContentData iContentFile iContentUrl iDialHangUp iDialItemize iFtpCmd iFtpDelete iFtpDialog iFtpDirChange iFtpDirGet iFtpDirMake iFtpDirRemove iFtpFindInit iFtpFindNext iFtpGet iFtpOpen iFtpPut iFtpRename iGetConState iGetConStatEx iGetLastError iGetResponse iHost2Addr iHostConnect iHttpHeaders iHttpInit iHttpOpen iLocFindInit iLocFindNext iOptionGet iOptionSet iPing iReadData iReadDataBuf iUrlDecode iUrlEncode iUrlOpen iVersion iWriteData wxHost2Addr wxAddr2Host wxGetErrDesc wxGetInfo wxGetLastErr wxMsgGetBody wxMsgGetHdr wxMsgSetHdr wxParmGet wxParmSet wxPing dunConnect dunConnectEx dunDisconnect dunItemize httpAuth httpFirewall httpFullPath httpGetAnchor httpGetDir httpGetFile httpGetPath httpGetQuery httpGetServer httpRecvFile httpRecvQryF httpRecvQuery httpRecvText httpStripHTML urlDecode urlEncode urlGetScheme p3Close p3Count p3Delete p3GetReply p3Open p3Peek p3RecvFile p3RecvText smtpSendFile smtpSendText sAccept sClose sConnect sListen sOK2Recv sOK2Send sOpen sRecvBinary sRecvLine sRecvNum sSendBinary sSendNum sSendString sSendLine ftpOpen ftpClose ftpFirewall ftpGet ftpPut ftpList ftpChDir ftpQuote ftpRename ftpDelete zVersionInfo zZipFiles zUnZipFiles</Keywords>
            <Keywords name="Keywords2">About Abs Acos AddExtender AppExist AppWaitClose Arrayize ArrDimension ArrInfo ArrInitialize Asin AskColor AskDirectory AskFileName AskFileText AskFont AskItemList AskLine AskPassword AskTextBox AskYesNo Atan Average Beep BinaryAlloc BinaryAnd BinaryClipGet BinaryClipPut BinaryCompare BinaryConvert BinaryCopy BinaryEodGet BinaryEodSet BinaryFree BinaryHashRec BinaryIncr BinaryIncr2 BinaryIncr4 BinaryIncrFlt BinaryIndex BinaryIndexEx BinaryIndexNC BinaryOleType BinaryOr BinaryPeek BinaryPeek2 BinaryPeek4 BinaryPeekFlt BinaryPeekStr BinaryPoke BinaryPoke2 BinaryPoke4 BinaryPokeFlt BinaryPokeStr BinaryRead BinaryReadEx BinaryReplace BinarySort BinaryStrCnt BinaryTagExtr BinaryTagFind BinaryTagIndex BinaryTagInit BinaryTagLen BinaryTagRepl BinaryWrite BinaryWriteEx BinaryXlate BinaryXor Break ButtonNames Call Ceiling Char2Num ClipAppend ClipGet ClipGetEx ClipHasFormat ClipPut Continue Cos Cosh CurrentFile CurrFilePath CurrentPath DDEExecute DDEInitiate DDEPoke DDERequest DDETerminate DDETimeout Debug DebugData DebugTrace Decimals Dialog DialogControlGet DialogControlSet DialogControlState DialogProcOptions DirAttrGet DirAttrSet DirChange DirExist DirGet DirHome DirItemize DirMake DirRemove DirRename DirSize DirWindows DiskExist DiskFree DiskInfo DiskScan DiskSize DiskVolInfo Display DllCall DllFree DllHinst DllHwnd DllLastError DllLoad DOSVersion Drop DropWild EndSession Environment EnvironSet EnvItemize ErrorMode Exclusive Executestatement ExeTypeInfo Exit Exp Fabs FileAppend FileAttrGet FileAttrSet FileClose FileCompare FileCopy FileCopyAttr FileCreateTemp FileDelete FileExist FileExtension FileFullName FileItemize FileItemPath FileLocate FileMapName FileMove FileMoveAttr FileNameLong FileNameShort FileOpen FilePath FileRead FileRename FileRoot FileSize FileSizeEx FileTimeCode FileTimeGet FileTimeGetEx FileTimeSet FileTimeSetEx FileTimeTouch Sets file FileVerInfo FileWrite FileYmdHms FindWindow Floor GetExactTime GetTickCount GoSub Gotolabel IconReplace IgnoreInput IniDelete IniDeletePvt IniItemize IniItemizePvt IniRead IniReadPvt IniWrite IniWritePvt InstallFile Int IntControl IsDefined IsFloat IsInt IsKeyDown IsLicensed IsMenuChecked IsMenuEnabled IsNumber ItemCount ItemExtract ItemInsert ItemLocate ItemRemove ItemReplace ItemSort KeyToggleGet KeyToggleSet LastError Log10 LogDisk Logs LogE Max MenuChange Message Min MouseClick Clicks mouse button MouseClickBtn MouseCoords MouseInfo MouseMove MousePlay MsgTextGet Net101 NetInfo Num2Char ObjectAccess ObjectCollectionClose ObjectCollectionNext ObjectCollectionOpen ObjectClose ObjectOpen ParseData Pause PlayMedia PlayMidi PlayWaveForm Print Random RegApp RegCloseKey RegConnect RegCreateKey RegDeleteKey RegDelValue RegEntryType RegExistKey RegExistValue RegLoadHive RegOpenKey RegOpenKeyEx RegQueryBin RegQueryDword RegQueryEx RegQueryExpSz RegQueryItem RegQueryKey RegQueryKeys RegQueryMulSz RegQueryStr RegQueryValue RegSetBin RegSetDword RegSetEx RegSetExpSz RegSetMulSz RegSetValue RegUnloadHive Return RtStatus Run RunEnviron RunHide RunHideWait RunIcon RunIconWait RunShell RunWait RunWithLogon RunZoom RunZoomWait Selectvarname SendKey SendKeysChild SendKeysTo SendMenusTo ShellExecute ShortcutDir ShortcutEdit ShortcutExtra ShortcutInfo ShortcutMake Sin Sinh SnapShot Sounds Sqrt StrCat StrCharCount StrClean StrCmp StrFill StrFix StrFixChars StrFixCharsL StrFixLeft StriCmp StrIndex StrIndexNc StrIndexWild StrLen StrLenWild StrLower StrReplace StrScan StrSub StrSubWild StrTrim StrUpper Switchvarname SysParamInfo Tan Tanh Terminate TimeAdd TimeDate TimeDayofWeek TimeDayofYear TimeDelay TimeDiff TimeDiffDays TimeDiffSecs TimeJulianDay TimeJulToYmd TimeSubtract TimeWait TimeYmdHms VarType Version VersionDLL WaitForKey WallPaper WinActivate WinActiveChild WinArrange WinClose WinExeName WinExist WinExistChild WinGetActive WinHelp WinHide WinIconize WinIdGet WinIsDOS WinItemChild WinItemize WinItemizeEx WinItemNameId WinItemProcID WinMetrics WinName WinParmGet WinParmSet WinPlace WinPlaceGet WinPlaceSet WinPosition WinResources WinShow WinState WinSysInfo WinTitle WinVersion WinWaitChild WinWaitClose WinWaitExist WinZoom Yield Yields BoxOpen Boxshut BoxText BoxTitle BoxBitmap BoxButtonDraw BoxButtonKill BoxButtonStat BoxButtonWait BoxCaption BoxColor BoxDestroy BoxDrawCircle BoxDrawLine BoxDrawRect BoxDrawText BoxesUp BoxMapMode BoxNew BoxPen BoxTextColor BoxTextFont BoxUpdates BoxDataClear BoxDataTag</Keywords>
            <Keywords name="Keywords3">then to case else by</Keywords>
            <Keywords name="Keywords4">: @</Keywords>
            <Keywords name="Keywords5"></Keywords>
            <Keywords name="Keywords6"></Keywords>
            <Keywords name="Keywords7"></Keywords>
            <Keywords name="Keywords8"></Keywords>
            <Keywords name="Delimiters">00&quot; 01 02&quot; 03&apos; 04 05&apos; 06 07 08 09 10 11 12 13 14 15 16 17 18 19 20 21 22 23</Keywords>
        </KeywordLists>
        <Styles>
            <WordsStyle name="DEFAULT" fgColor="000000" bgColor="FFFFFF" fontName="" fontStyle="0" nesting="0" />
            <WordsStyle name="COMMENTS" fgColor="000000" bgColor="FFFFFF" fontName="" fontStyle="0" nesting="0" />
            <WordsStyle name="LINE COMMENTS" fgColor="008000" bgColor="FFFFFF" fontName="" fontStyle="0" nesting="0" />
            <WordsStyle name="NUMBERS" fgColor="000000" bgColor="FFFFFF" fontName="" fontStyle="0" nesting="0" />
            <WordsStyle name="KEYWORDS1" fgColor="FF00FF" bgColor="FFFFFF" fontName="" fontStyle="1" nesting="0" />
            <WordsStyle name="KEYWORDS2" fgColor="0000FF" bgColor="FFFFFF" fontName="" fontStyle="1" nesting="0" />
            <WordsStyle name="KEYWORDS3" fgColor="800080" bgColor="FFFFFF" fontName="" fontStyle="1" nesting="0" />
            <WordsStyle name="KEYWORDS4" fgColor="0ECBCB" bgColor="FFFFFF" fontName="" fontStyle="1" nesting="0" />
            <WordsStyle name="KEYWORDS5" fgColor="000000" bgColor="FFFFFF" fontName="" fontStyle="0" nesting="0" />
            <WordsStyle name="KEYWORDS6" fgColor="000000" bgColor="FFFFFF" fontName="" fontStyle="0" nesting="0" />
            <WordsStyle name="KEYWORDS7" fgColor="000000" bgColor="FFFFFF" fontName="" fontStyle="0" nesting="0" />
            <WordsStyle name="KEYWORDS8" fgColor="000000" bgColor="FFFFFF" fontName="" fontStyle="0" nesting="0" />
            <WordsStyle name="OPERATORS" fgColor="000000" bgColor="FFFFFF" fontName="" fontStyle="1" nesting="0" />
            <WordsStyle name="FOLDER IN CODE1" fgColor="800080" bgColor="FFFFFF" fontName="" fontStyle="1" nesting="0" />
            <WordsStyle name="FOLDER IN CODE2" fgColor="000000" bgColor="FFFFFF" fontName="" fontStyle="0" nesting="0" />
            <WordsStyle name="FOLDER IN COMMENT" fgColor="000000" bgColor="FFFFFF" fontName="" fontStyle="0" nesting="0" />
            <WordsStyle name="DELIMITERS1" fgColor="FF0000" bgColor="FFFFFF" fontName="" fontStyle="0" nesting="0" />
            <WordsStyle name="DELIMITERS2" fgColor="FF0000" bgColor="FFFFFF" fontName="" fontStyle="0" nesting="0" />
            <WordsStyle name="DELIMITERS3" fgColor="000000" bgColor="FFFFFF" fontName="" fontStyle="0" nesting="0" />
            <WordsStyle name="DELIMITERS4" fgColor="000000" bgColor="FFFFFF" fontName="" fontStyle="0" nesting="0" />
            <WordsStyle name="DELIMITERS5" fgColor="000000" bgColor="FFFFFF" fontName="" fontStyle="0" nesting="0" />
            <WordsStyle name="DELIMITERS6" fgColor="000000" bgColor="FFFFFF" fontName="" fontStyle="0" nesting="0" />
            <WordsStyle name="DELIMITERS7" fgColor="000000" bgColor="FFFFFF" fontName="" fontStyle="0" nesting="0" />
            <WordsStyle name="DELIMITERS8" fgColor="000000" bgColor="FFFFFF" fontName="" fontStyle="0" nesting="0" />
        </Styles>
    </UserLang>
    <UserLang name="KOSbyFGL" ext="txt" udlVersion="2.1">
        <Settings>
            <Global caseIgnored="yes" allowFoldOfComments="no" foldCompact="no" forcePureLC="0" decimalSeparator="0" />
            <Prefix Keywords1="yes" Keywords2="yes" Keywords3="yes" Keywords4="no" Keywords5="no" Keywords6="no" Keywords7="yes" Keywords8="yes" />
        </Settings>
        <KeywordLists>
            <Keywords name="Comments">00// 01 02 03 04</Keywords>
            <Keywords name="Numbers, prefix1"></Keywords>
            <Keywords name="Numbers, prefix2"></Keywords>
            <Keywords name="Numbers, extras1"></Keywords>
            <Keywords name="Numbers, extras2"></Keywords>
            <Keywords name="Numbers, suffix1"></Keywords>
            <Keywords name="Numbers, suffix2"></Keywords>
            <Keywords name="Numbers, range"></Keywords>
            <Keywords name="Operators1">! &quot; % &amp; * , / : ; ? @ [ \ ] ^ ` | ~ + &lt; = &gt;</Keywords>
            <Keywords name="Operators2">( ) set</Keywords>
            <Keywords name="Folders in code1, open">{</Keywords>
            <Keywords name="Folders in code1, middle">, .</Keywords>
            <Keywords name="Folders in code1, close">}</Keywords>
            <Keywords name="Folders in code2, open">&quot;</Keywords>
            <Keywords name="Folders in code2, middle">, .</Keywords>
            <Keywords name="Folders in code2, close">&quot;</Keywords>
            <Keywords name="Folders in comment, open"></Keywords>
            <Keywords name="Folders in comment, middle"></Keywords>
            <Keywords name="Folders in comment, close"></Keywords>
            <Keywords name="Keywords1">print at lock unlock to break clearscreen on off wait switch copy edit rename toggle if until when FOR IN then</Keywords>
            <Keywords name="Keywords2">abs&#x000D;&#x000A;LATLNG&#x000D;&#x000A;LN LOG10 MIN MAX&#x000D;&#x000A;CONSTANT&#x000D;&#x000A;</Keywords>
            <Keywords name="Keywords3">sas gear rcs lights brakes abort&#x000D;&#x000A;ag0 ag1 ag2 ag3 ag4 ag5 ag6 ag7 ag8 ag9 throttle steering stage</Keywords>
            <Keywords name="Keywords4">LIST&#x000D;&#x000A;node&#x000D;&#x000A;apoapsis&#x000D;&#x000A;periapsis&#x000D;&#x000A;atl:apoapsis&#x000D;&#x000A;atl:periapsis&#x000D;&#x000A;eta:apoapsis&#x000D;&#x000A;eta:periapsis&#x000D;&#x000A;mag:node eta:node&#x000D;&#x000A;BODY SHIP:BODY TARGET:BODY&#x000D;&#x000A;NODE:ORBIT:APOAPSIS&#x000D;&#x000A;VOLUME:NAME</Keywords>
            <Keywords name="Keywords5">run declare parameter&#x000D;&#x000A;</Keywords>
            <Keywords name="Keywords6">Bodies Targets Engines Resources &#x000D;&#x000A;Parts Sensors Elements</Keywords>
            <Keywords name="Keywords7">lib&#x000D;&#x000A;prg&#x000D;&#x000A;fun&#x000D;&#x000A;ClearLine&#x000D;&#x000A;PrintCaller&#x000D;&#x000A;PrintDebug&#x000D;&#x000A;libKerbal&#x000D;&#x000A;LIST_&#x000D;&#x000A;&#x000D;&#x000A;</Keywords>
            <Keywords name="Keywords8">lang&#x000D;&#x000A;langScreenSizeRow&#x000D;&#x000A;langScreenSizeColumn&#x000D;&#x000A;langCallerName&#x000D;&#x000A;langCallerTime&#x000D;&#x000A;langDebugTime&#x000D;&#x000A;langFC&#x000D;&#x000A;libLaunchSpeedMin&#x000D;&#x000A;libGroundSpeedMax</Keywords>
            <Keywords name="Delimiters">00 01 02 03( 04 05) 06 07 08 09 10 11 12 13 14 15 16 17 18 19 20 21 22 23</Keywords>
        </KeywordLists>
        <Styles>
            <WordsStyle name="DEFAULT" fgColor="000000" bgColor="FFFFFF" fontName="Tahoma" fontStyle="0" fontSize="10" nesting="0" />
            <WordsStyle name="COMMENTS" fgColor="000000" bgColor="FFFFFF" fontName="" fontStyle="0" nesting="0" />
            <WordsStyle name="LINE COMMENTS" fgColor="808080" bgColor="FFFFFF" fontName="Tahoma" fontStyle="0" fontSize="10" nesting="0" />
            <WordsStyle name="NUMBERS" fgColor="000000" bgColor="FFFFFF" fontName="" fontStyle="0" nesting="0" />
            <WordsStyle name="KEYWORDS1" fgColor="0000FF" bgColor="FFFFFF" fontName="Tahoma" fontStyle="0" fontSize="9" nesting="0" />
            <WordsStyle name="KEYWORDS2" fgColor="408080" bgColor="FFFFFF" fontName="Tahoma" fontStyle="2" fontSize="9" nesting="0" />
            <WordsStyle name="KEYWORDS3" fgColor="0080C0" bgColor="FFFFFF" fontName="Tahoma" fontStyle="1" fontSize="9" nesting="0" />
            <WordsStyle name="KEYWORDS4" fgColor="408080" bgColor="FFFFFF" fontName="Tahoma" fontStyle="1" fontSize="9" nesting="0" />
            <WordsStyle name="KEYWORDS5" fgColor="0000FF" bgColor="FFFFFF" fontName="Tahoma" fontStyle="1" fontSize="9" nesting="0" />
            <WordsStyle name="KEYWORDS6" fgColor="000000" bgColor="FFFFFF" fontName="Tahoma" fontStyle="0" fontSize="9" nesting="0" />
            <WordsStyle name="KEYWORDS7" fgColor="8080FF" bgColor="FFFFFF" fontName="Tahoma" fontStyle="1" fontSize="9" nesting="0" />
            <WordsStyle name="KEYWORDS8" fgColor="008040" bgColor="FFFFFF" fontName="Tahoma" fontStyle="0" fontSize="9" nesting="0" />
            <WordsStyle name="OPERATORS" fgColor="008000" bgColor="FFFFFF" fontName="Tahoma" fontStyle="1" fontSize="9" nesting="0" />
            <WordsStyle name="FOLDER IN CODE1" fgColor="FF0000" bgColor="FFFFFF" fontName="Tahoma" fontStyle="1" fontSize="10" nesting="0" />
            <WordsStyle name="FOLDER IN CODE2" fgColor="808040" bgColor="FFFF80" fontName="Tahoma" fontStyle="1" fontSize="9" nesting="0" />
            <WordsStyle name="FOLDER IN COMMENT" fgColor="000000" bgColor="FFFFFF" fontName="" fontStyle="0" nesting="0" />
            <WordsStyle name="DELIMITERS1" fgColor="FF0000" bgColor="FFFFFF" fontName="Tahoma" fontStyle="1" fontSize="9" nesting="0" />
            <WordsStyle name="DELIMITERS2" fgColor="FF8040" bgColor="FFFFFF" fontName="Tahoma" fontStyle="0" fontSize="9" nesting="117702655" />
            <WordsStyle name="DELIMITERS3" fgColor="000000" bgColor="FFFFFF" fontName="" fontStyle="0" nesting="0" />
            <WordsStyle name="DELIMITERS4" fgColor="000000" bgColor="FFFFFF" fontName="" fontStyle="0" nesting="0" />
            <WordsStyle name="DELIMITERS5" fgColor="000000" bgColor="FFFFFF" fontName="" fontStyle="0" nesting="0" />
            <WordsStyle name="DELIMITERS6" fgColor="000000" bgColor="FFFFFF" fontName="" fontStyle="0" nesting="0" />
            <WordsStyle name="DELIMITERS7" fgColor="000000" bgColor="FFFFFF" fontName="" fontStyle="0" nesting="0" />
            <WordsStyle name="DELIMITERS8" fgColor="000000" bgColor="FFFFFF" fontName="" fontStyle="0" nesting="0" />
        </Styles>
    </UserLang>
</NotepadPlus>
